{
    "name" : "DistributionSim",
	"loglevel": 5,
	"coreType": "zmq",
	"period" : 1.0,
     "publications" : [
          {
               "global" : true,
               "key" : "IEEE_123_feeder_0/totalLoad",
               "type" : "complex",
               "unit" : "VA",
               "info" : "{
                    \"object\" : \"network_node\",
                    \"property\" : \"distribution_load\"
               }"
          }
     ],
     "subscriptions" : [
          {
               "required": true,
			   "key" : "TransmissionSim/transmission_voltage",
               "type" : "complex",
               "unit" : "V",
               "info" : "{
                    \"object\" : \"network_node\",
                    \"property\" : \"positive_sequence_voltage\" 
					}"
          }
     ]
}