{
	"name": "EV_Controller",
	"loglevel": 5,
	"coreType": "zmq",
	"timeDelta": 1.0,
	"uninterruptible": true,

	"endpoints":[
	{
		"name": "EV_Controller/EV6",
		"type": "genmessage",
		"global": true
		
	},  
	{ 
		"name": "EV_Controller/EV5",
		"type": "genmessage",
		"global": true
	},  
	{ 
		"name": "EV_Controller/EV4",
		"type": "genmessage",
		"global": true
	},  
	{ 
		"name": "EV_Controller/EV3",
		"type": "genmessage",
		"global": true
	},  
	{ 
		"name": "EV_Controller/EV2",
		"type": "genmessage",
		"global": true
	},	
	{ 
		"name": "EV_Controller/EV1",
		"type": "genmessage",
		"global": true
	}
	],
	"filters":
	[
	{
	"name":"filterEV6",
	"sourcetarget":"EV_Controller/EV6",
	"mode":"source",
	"operation":"delay",
	"properties":
	{
		"name":"delay",
		"value":600
	}
	},
	{
	"name":"filterEV5",
	"sourcetarget":"EV_Controller/EV5",
	"mode":"source",
	"operation":"delay",
	"properties":
	{
		"name":"delay",
		"value":600
	}
	},
	{
	"name":"filterEV4",
	"sourcetarget":"EV_Controller/EV4",
	"operation":"delay",
	"properties":
	{
		"name":"delay",
		"value":600
	}
	},
	{
	"name":"filterEV3",
	"sourcetarget":"EV_Controller/EV3",
	"mode":"source",
	"operation":"delay",
	"properties":
	{
		"name":"delay",
		"value":600
	}
	},
	{
	"name":"filterEV2",
	"sourcetarget":"EV_Controller/EV2",
	"mode":"source",
	"operation":"delay",
	"properties":
	{
		"name":"delay",
		"value":600
	}
	},
	{
	"name":"filterEV1",
	"sourcetarget":"EV_Controller/EV1",
	"mode":"source",
	"operation":"delay",
	"properties":
	{
		"name":"delay",
		"value":600
	}
	}
	],
	"subscriptions":[
	{
		"key": "IEEE_123_feeder_0/totalLoad",
		"type": "complex",
		"required": true
	},  { 
		"key": "IEEE_123_feeder_0/charge_EV6",
		"type": "complex",
		"required": true
	},	{ 
		"key": "IEEE_123_feeder_0/charge_EV5",
		"type": "complex",
		"required": true
	},	{ 
		"key": "IEEE_123_feeder_0/charge_EV4",
		"type": "complex",
		"required": true
	},  { 
		"key": "IEEE_123_feeder_0/charge_EV3",
		"type": "complex",
		"required": true
	},  { 
		"key": "IEEE_123_feeder_0/charge_EV2",
		"type": "complex",
		"required": true
	},  { 
		"key": "IEEE_123_feeder_0/charge_EV1",
		"type": "complex",
		"required": true
	}]
}