{
	"name": "EV_Controller",
	"loglevel": 5,
	"coreType": "zmq",
	"timeDelta": 1.0,
	"uninterruptible": true,

	"endpoints":[
	{
		"name": "EV_Controller/EV6",
		"destination": "IEEE_123_feeder_0/EV6",
		"type": "genmessage",
		"global": true
		
	},  
	{ 
		"name": "EV_Controller/EV5",
		"destination": "IEEE_123_feeder_0/EV5",
		"type": "genmessage",
		"global": true
	},  
	{ 
		"name": "EV_Controller/EV4",
		"destination": "IEEE_123_feeder_0/EV4",
		"type": "genmessage",
		"global": true
	},  
	{ 
		"name": "EV_Controller/EV3",
		"destination": "IEEE_123_feeder_0/EV3",
		"type": "genmessage",
		"global": true
	},  
	{ 
		"name": "EV_Controller/EV2",
		"destination": "IEEE_123_feeder_0/EV2",
		"type": "genmessage",
		"global": true
	},	
	{ 
		"name": "EV_Controller/EV1",
		"destination": "IEEE_123_feeder_0/EV1",
		"type": "genmessage",
		"global": true
	}
	],	
	"subscriptions":[
	{
		"key": "IEEE_123_feeder_0/totalLoad",
		"type": "complex",
		"required": true
	},  { 
		"key": "IEEE_123_feeder_0/charge_EV6",
		"type": "complex",
		"required": true
	},	{ 
		"key": "IEEE_123_feeder_0/charge_EV5",
		"type": "complex",
		"required": true
	},	{ 
		"key": "IEEE_123_feeder_0/charge_EV4",
		"type": "complex",
		"required": true
	},  { 
		"key": "IEEE_123_feeder_0/charge_EV3",
		"type": "complex",
		"required": true
	},  { 
		"key": "IEEE_123_feeder_0/charge_EV2",
		"type": "complex",
		"required": true
	},  { 
		"key": "IEEE_123_feeder_0/charge_EV1",
		"type": "complex",
		"required": true
	}]
}